path	lines	status	findings
README	63979	NOT_A_SOURCE_FILE	390 Python modules; REVIEWED requires full-file read and caller/callee trace; status records are evidence, not test coverage
src/__init__.py	0	UNREVIEWED	-
src/adapters/__init__.py	0	FILE_READ_CALL_GRAPH_PARTIAL	telemetry-adapter-path
src/adapters/atomic_file.py	42	FILE_READ_CALL_GRAPH_PARTIAL	telemetry-adapter-path
src/adapters/minimap.py	165	FILE_READ_CALL_GRAPH_PARTIAL	#81
src/adapters/numpy_runtime.py	11	FILE_READ_CALL_GRAPH_PARTIAL	telemetry-adapter-path
src/adapters/pixel_bridge.py	356	FILE_READ_CALL_GRAPH_PARTIAL	#79
src/adapters/pixel_detectors.py	268	FILE_READ_CALL_GRAPH_PARTIAL	telemetry-adapter-path
src/adapters/pixel_payload.py	307	FILE_READ_CALL_GRAPH_PARTIAL	telemetry-adapter-path
src/adapters/telemetry_packets.py	227	FILE_READ_CALL_GRAPH_PARTIAL	#80
src/adapters/windows_processes.py	36	FILE_READ_CALL_GRAPH_PARTIAL	telemetry-adapter-path
src/adapters/world_map.py	182	FILE_READ_CALL_GRAPH_PARTIAL	#81
src/core/observation_replay.py	57	UNREVIEWED	-
src/legacy_logging/__init__.py	0	UNREVIEWED	-
src/legacy_logging/logger.py	23	UNREVIEWED	-
src/mocks/__init__.py	0	UNREVIEWED	-
src/mocks/mock_client.py	91	UNREVIEWED	-
src/wowbot/__init__.py	0	UNREVIEWED	-
src/wowbot/agent/__init__.py	11	UNREVIEWED	-
src/wowbot/agent/acceptance.py	75	UNREVIEWED	-
src/wowbot/agent/action_launch.py	88	FILE_READ_CALL_GRAPH_PARTIAL	agent-execution
src/wowbot/agent/active_perception.py	302	UNREVIEWED	-
src/wowbot/agent/active_skill_supervision.py	248	FILE_READ_CALL_GRAPH_PARTIAL	agent-execution
src/wowbot/agent/autonomy_loop.py	724	UNREVIEWED	-
src/wowbot/agent/binding_inventory.py	178	FILE_READ_CALL_GRAPH_PARTIAL	#77
src/wowbot/agent/bindings.py	72	FILE_READ_CALL_GRAPH_PARTIAL	execution-path
src/wowbot/agent/camera_controller.py	118	UNREVIEWED	-
src/wowbot/agent/capability_acceptance.py	45	UNREVIEWED	-
src/wowbot/agent/capture_selection.py	45	FILE_READ_CALL_GRAPH_PARTIAL	capture-perception-path
src/wowbot/agent/capture_worker.py	202	FILE_READ_CALL_GRAPH_PARTIAL	#79
src/wowbot/agent/collect_strategy.py	70	UNREVIEWED	-
src/wowbot/agent/combat_controller.py	197	UNREVIEWED	-
src/wowbot/agent/combat_planning.py	623	UNREVIEWED	-
src/wowbot/agent/coordinates.py	33	FILE_READ_CALL_GRAPH_PARTIAL	input-coordinate-path
src/wowbot/agent/credit_failure_escalation.py	74	UNREVIEWED	-
src/wowbot/agent/cross_view.py	101	UNREVIEWED	-
src/wowbot/agent/death_recovery_planning.py	80	UNREVIEWED	-
src/wowbot/agent/decision_fingerprint.py	168	UNREVIEWED	-
src/wowbot/agent/dxgi_capture.py	174	FILE_READ_CALL_GRAPH_PARTIAL	capture-perception-path
src/wowbot/agent/engine_control.py	267	FILE_READ_CALL_GRAPH_PARTIAL	runtime-path
src/wowbot/agent/engine_finish.py	105	FILE_READ_CALL_GRAPH_PARTIAL	runtime-path
src/wowbot/agent/engine_runtime_projection.py	318	UNREVIEWED	-
src/wowbot/agent/engine.py	651	FILE_READ_CALL_GRAPH_PARTIAL	runtime-path
src/wowbot/agent/entity_belief.py	95	UNREVIEWED	-
src/wowbot/agent/entity_objective_flows.py	70	UNREVIEWED	-
src/wowbot/agent/episode_memory.py	54	UNREVIEWED	-
src/wowbot/agent/escort_follow.py	71	UNREVIEWED	-
src/wowbot/agent/evidence_freshness.py	51	UNREVIEWED	-
src/wowbot/agent/execution_bookkeeping.py	148	FILE_READ_CALL_GRAPH_PARTIAL	agent-execution
src/wowbot/agent/executor.py	191	FILE_READ_CALL_GRAPH_PARTIAL	execution-path
src/wowbot/agent/fast_movement_lane.py	58	FILE_READ_CALL_GRAPH_PARTIAL	#70
src/wowbot/agent/goal_manager.py	291	UNREVIEWED	-
src/wowbot/agent/golden_sessions.py	42	UNREVIEWED	-
src/wowbot/agent/gui.py	546	UNREVIEWED	-
src/wowbot/agent/inspection_terminal.py	73	UNREVIEWED	-
src/wowbot/agent/interaction_range.py	12	UNREVIEWED	-
src/wowbot/agent/learning_memory.py	145	UNREVIEWED	-
src/wowbot/agent/live_capture.py	185	UNREVIEWED	-
src/wowbot/agent/location_fallback.py	27	UNREVIEWED	-
src/wowbot/agent/map_marker_dataset.py	211	UNREVIEWED	-
src/wowbot/agent/map_poi_planning.py	287	UNREVIEWED	-
src/wowbot/agent/map_search_planning.py	358	UNREVIEWED	-
src/wowbot/agent/memory_learning.py	212	UNREVIEWED	-
src/wowbot/agent/memory_maintenance.py	172	UNREVIEWED	-
src/wowbot/agent/memory_patterns.py	127	UNREVIEWED	-
src/wowbot/agent/memory_records.py	112	UNREVIEWED	-
src/wowbot/agent/memory_rejection.py	116	UNREVIEWED	-
src/wowbot/agent/memory_terminal.py	54	UNREVIEWED	-
src/wowbot/agent/memory.py	406	UNREVIEWED	-
src/wowbot/agent/models.py	345	UNREVIEWED	-
src/wowbot/agent/movement_controller.py	652	UNREVIEWED	-
src/wowbot/agent/navigation_planning.py	373	UNREVIEWED	-
src/wowbot/agent/navigation_situation.py	208	UNREVIEWED	-
src/wowbot/agent/navigation_terminal.py	72	UNREVIEWED	-
src/wowbot/agent/navigation.py	263	UNREVIEWED	-
src/wowbot/agent/next_quest_resolver.py	34	UNREVIEWED	-
src/wowbot/agent/next_quest_source_hierarchy.py	39	UNREVIEWED	-
src/wowbot/agent/object_interaction_flow.py	195	UNREVIEWED	-
src/wowbot/agent/objective_locator.py	67	UNREVIEWED	-
src/wowbot/agent/observation_ingestion.py	42	UNREVIEWED	-
src/wowbot/agent/obstacle_perception.py	45	UNREVIEWED	-
src/wowbot/agent/offline_replay.py	98	UNREVIEWED	-
src/wowbot/agent/outcome_bookkeeping.py	110	UNREVIEWED	-
src/wowbot/agent/passive_wait.py	76	UNREVIEWED	-
src/wowbot/agent/perception_background.py	133	FILE_READ_CALL_GRAPH_PARTIAL	capture-perception-path
src/wowbot/agent/perception_context.py	83	FILE_READ_CALL_GRAPH_PARTIAL	runtime-path
src/wowbot/agent/perception_cycle.py	365	FILE_READ_CALL_GRAPH_PARTIAL	runtime-path
src/wowbot/agent/perception_pipeline.py	53	FILE_READ_CALL_GRAPH_PARTIAL	capture-perception-path
src/wowbot/agent/perception_process.py	214	FILE_READ_CALL_GRAPH_PARTIAL	#69
src/wowbot/agent/perception_sources.py	321	UNREVIEWED	-
src/wowbot/agent/perception.py	211	FILE_READ_CALL_GRAPH_PARTIAL	capture-perception-path
src/wowbot/agent/planner.py	456	UNREVIEWED	-
src/wowbot/agent/planning_domains.py	108	UNREVIEWED	-
src/wowbot/agent/planning_orchestration.py	157	UNREVIEWED	-
src/wowbot/agent/planning_types.py	36	UNREVIEWED	-
src/wowbot/agent/profile_store.py	57	UNREVIEWED	-
src/wowbot/agent/proposal_ranking.py	117	UNREVIEWED	-
src/wowbot/agent/quest_accept_flow.py	48	FILE_READ_CALL_GRAPH_PARTIAL	verification-path
src/wowbot/agent/quest_area_memory.py	110	UNREVIEWED	-
src/wowbot/agent/quest_attempt_memory.py	48	UNREVIEWED	-
src/wowbot/agent/quest_batch_planning.py	77	UNREVIEWED	-
src/wowbot/agent/quest_creature_learning.py	219	UNREVIEWED	-
src/wowbot/agent/quest_creature_memory.py	314	UNREVIEWED	-
src/wowbot/agent/quest_dialog_planning.py	174	UNREVIEWED	-
src/wowbot/agent/quest_dot_focus.py	126	UNREVIEWED	-
src/wowbot/agent/quest_failure_memory.py	72	UNREVIEWED	-
src/wowbot/agent/quest_giver_evidence.py	239	UNREVIEWED	-
src/wowbot/agent/quest_graph.py	112	UNREVIEWED	-
src/wowbot/agent/quest_info_hierarchy.py	44	UNREVIEWED	-
src/wowbot/agent/quest_location_planning.py	818	UNREVIEWED	-
src/wowbot/agent/quest_model.py	454	UNREVIEWED	-
src/wowbot/agent/quest_objective_planning.py	301	UNREVIEWED	-
src/wowbot/agent/quest_offer_selector.py	75	UNREVIEWED	-
src/wowbot/agent/quest_planning.py	399	UNREVIEWED	-
src/wowbot/agent/quest_reward_selector.py	131	UNREVIEWED	-
src/wowbot/agent/quest_runtime.py	263	UNREVIEWED	-
src/wowbot/agent/quest_semantics.py	155	UNREVIEWED	-
src/wowbot/agent/quest_state.py	64	UNREVIEWED	-
src/wowbot/agent/quest_strategy_history.py	91	UNREVIEWED	-
src/wowbot/agent/quest_target_planning.py	392	UNREVIEWED	-
src/wowbot/agent/quest_terminal.py	83	UNREVIEWED	-
src/wowbot/agent/quest_turn_in.py	78	UNREVIEWED	-
src/wowbot/agent/reasoner.py	128	UNREVIEWED	-
src/wowbot/agent/recovery_planning.py	148	UNREVIEWED	-
src/wowbot/agent/rejection_memory.py	90	UNREVIEWED	-
src/wowbot/agent/rejection.py	44	UNREVIEWED	-
src/wowbot/agent/runtime_control.py	82	FILE_READ_CALL_GRAPH_PARTIAL	#74
src/wowbot/agent/runtime_diagnostics_phase.py	146	FILE_READ_CALL_GRAPH_PARTIAL	runtime-path
src/wowbot/agent/runtime_lifecycle.py	201	FILE_READ_CALL_GRAPH_PARTIAL	runtime-path
src/wowbot/agent/runtime_observation_phase.py	410	FILE_READ_CALL_GRAPH_PARTIAL	#75
src/wowbot/agent/runtime_perception_phase.py	64	FILE_READ_CALL_GRAPH_PARTIAL	runtime-path
src/wowbot/agent/runtime_safety_phase.py	24	FILE_READ_CALL_GRAPH_PARTIAL	runtime-path
src/wowbot/agent/runtime_scheduler.py	164	FILE_READ_CALL_GRAPH_PARTIAL	agent-execution
src/wowbot/agent/runtime.py	506	FILE_READ_CALL_GRAPH_PARTIAL	runtime-path
src/wowbot/agent/self_avatar.py	262	UNREVIEWED	-
src/wowbot/agent/semantic_advisor.py	447	UNREVIEWED	-
src/wowbot/agent/sensor_hub.py	159	FILE_READ_CALL_GRAPH_PARTIAL	capture-perception-path
src/wowbot/agent/sensor.py	346	FILE_READ_CALL_GRAPH_PARTIAL	#79
src/wowbot/agent/session_transition.py	25	UNREVIEWED	-
src/wowbot/agent/shared_frame_buffer.py	208	FILE_READ_CALL_GRAPH_PARTIAL	capture-perception-path
src/wowbot/agent/skill_availability.py	452	UNREVIEWED	-
src/wowbot/agent/skill_commands.py	170	UNREVIEWED	-
src/wowbot/agent/skill_contracts.py	182	UNREVIEWED	-
src/wowbot/agent/skill_verification.py	386	UNREVIEWED	-
src/wowbot/agent/skills.py	18	UNREVIEWED	-
src/wowbot/agent/soft_targeting.py	107	UNREVIEWED	-
src/wowbot/agent/spatial_memory.py	242	UNREVIEWED	-
src/wowbot/agent/spawn_catalog.py	188	UNREVIEWED	-
src/wowbot/agent/stable_objects.py	317	UNREVIEWED	-
src/wowbot/agent/status_projection.py	116	UNREVIEWED	-
src/wowbot/agent/supertrack_navigation_cue.py	39	UNREVIEWED	-
src/wowbot/agent/target_manager.py	240	UNREVIEWED	-
src/wowbot/agent/target_planning.py	178	UNREVIEWED	-
src/wowbot/agent/terminal_result.py	113	UNREVIEWED	-
src/wowbot/agent/tooltip_quest.py	233	UNREVIEWED	-
src/wowbot/agent/track_motion.py	96	UNREVIEWED	-
src/wowbot/agent/travel_reach_fallback.py	33	UNREVIEWED	-
src/wowbot/agent/turnin_resolver.py	76	UNREVIEWED	-
src/wowbot/agent/ui_context.py	141	UNREVIEWED	-
src/wowbot/agent/vehicle_abilities.py	111	UNREVIEWED	-
src/wowbot/agent/vision_dataset.py	149	UNREVIEWED	-
src/wowbot/agent/vision_seek.py	384	UNREVIEWED	-
src/wowbot/agent/visual_approach_command.py	222	UNREVIEWED	-
src/wowbot/agent/visual_approach_geometry.py	147	UNREVIEWED	-
src/wowbot/agent/visual_approach_identity.py	135	UNREVIEWED	-
src/wowbot/agent/visual_approach_tracking.py	284	UNREVIEWED	-
src/wowbot/agent/visual_approach_types.py	51	UNREVIEWED	-
src/wowbot/agent/visual_approach.py	429	UNREVIEWED	-
src/wowbot/agent/visual_inspection_planning.py	379	UNREVIEWED	-
src/wowbot/agent/visual_prototypes.py	149	UNREVIEWED	-
src/wowbot/agent/visual_recognition_stabilizer.py	124	FILE_READ_CALL_GRAPH_PARTIAL	#75,#76
src/wowbot/agent/visual_search_planning.py	392	UNREVIEWED	-
src/wowbot/agent/visual_tracks.py	708	UNREVIEWED	-
src/wowbot/agent/windows_input.py	102	FILE_READ_CALL_GRAPH_PARTIAL	#78
src/wowbot/agent/world_addon_reducer.py	251	UNREVIEWED	-
src/wowbot/agent/world_anchor_reducer.py	319	UNREVIEWED	-
src/wowbot/agent/world_beliefs.py	236	UNREVIEWED	-
src/wowbot/agent/world_corpses.py	99	UNREVIEWED	-
src/wowbot/agent/world_entities.py	75	UNREVIEWED	-
src/wowbot/agent/world_entity_records.py	95	UNREVIEWED	-
src/wowbot/agent/world_entity_reducer.py	74	UNREVIEWED	-
src/wowbot/agent/world_event_reducer.py	36	FILE_READ_CALL_GRAPH_PARTIAL	verification-path
src/wowbot/agent/world_evidence_reducer.py	62	UNREVIEWED	-
src/wowbot/agent/world_map_absence_resolver.py	49	UNREVIEWED	-
src/wowbot/agent/world_models.py	92	UNREVIEWED	-
src/wowbot/agent/world_prediction_runtime.py	115	UNREVIEWED	-
src/wowbot/agent/world_query.py	316	UNREVIEWED	-
src/wowbot/agent/world_section_updates.py	62	UNREVIEWED	-
src/wowbot/agent/world_snapshot.py	151	UNREVIEWED	-
src/wowbot/agent/world_state_contract.py	152	UNREVIEWED	-
src/wowbot/agent/world_state_projection.py	541	UNREVIEWED	-
src/wowbot/agent/world_trace_graph.py	86	UNREVIEWED	-
src/wowbot/agent/world_ui_reducer.py	30	UNREVIEWED	-
src/wowbot/agent/world.py	440	UNREVIEWED	-
src/wowbot/client_session.py	74	FILE_READ_CALL_GRAPH_PARTIAL	session-path
src/wowbot/diagnostics/__init__.py	29	UNREVIEWED	-
src/wowbot/diagnostics/golden_trace_catalog.py	61	UNREVIEWED	-
src/wowbot/diagnostics/live_vision_monitor.py	408	UNREVIEWED	-
src/wowbot/diagnostics/navigation_overlay.py	139	UNREVIEWED	-
src/wowbot/diagnostics/obstacle_overlay.py	50	UNREVIEWED	-
src/wowbot/diagnostics/replay.py	228	UNREVIEWED	-
src/wowbot/diagnostics/runtime_replay.py	58	UNREVIEWED	-
src/wowbot/diagnostics/thread_profiler.py	111	UNREVIEWED	-
src/wowbot/execution/__init__.py	11	FILE_READ_CALL_GRAPH_PARTIAL	execution-path
src/wowbot/execution/command_ack.py	106	FILE_READ_CALL_GRAPH_PARTIAL	execution-path
src/wowbot/execution/command_dispatch.py	46	FILE_READ_CALL_GRAPH_PARTIAL	execution-path
src/wowbot/execution/input_scheduler.py	132	FILE_READ_CALL_GRAPH_PARTIAL	execution-path
src/wowbot/install/__init__.py	1	UNREVIEWED	-
src/wowbot/install/checks.py	426	UNREVIEWED	-
src/wowbot/install/wizard_pages.py	362	UNREVIEWED	-
src/wowbot/install/wizard_stages.py	301	UNREVIEWED	-
src/wowbot/install/wizard_support.py	68	UNREVIEWED	-
src/wowbot/install/wizard.py	156	UNREVIEWED	-
src/wowbot/navigation/__init__.py	65	FILE_READ_CALL_GRAPH_PARTIAL	navigation-contract
src/wowbot/navigation/arrival_evidence.py	182	FILE_READ_CALL_GRAPH_PARTIAL	navigation-path
src/wowbot/navigation/arrival.py	150	FILE_READ_CALL_GRAPH_PARTIAL	navigation-path
src/wowbot/navigation/contracts.py	63	FILE_READ_CALL_GRAPH_PARTIAL	navigation-contract
src/wowbot/navigation/corridor.py	21	FILE_READ_CALL_GRAPH_PARTIAL	navigation-contract
src/wowbot/navigation/danger.py	165	FILE_READ_CALL_GRAPH_PARTIAL	navigation-path
src/wowbot/navigation/detour_native.py	147	UNREVIEWED	-
src/wowbot/navigation/engine.py	108	FILE_READ_CALL_GRAPH_PARTIAL	navigation-contract;unused-scaffold
src/wowbot/navigation/entrance_verification.py	47	FILE_READ_CALL_GRAPH_PARTIAL	navigation-contract
src/wowbot/navigation/exile_reach_seed.py	46	FILE_READ_CALL_GRAPH_PARTIAL	navigation-contract;unused-scaffold
src/wowbot/navigation/facing.py	94	FILE_READ_CALL_GRAPH_PARTIAL	navigation-contract
src/wowbot/navigation/global_planner.py	209	FILE_READ_CALL_GRAPH_PARTIAL	navigation-path
src/wowbot/navigation/graph_builder.py	45	FILE_READ_CALL_GRAPH_PARTIAL	navigation-contract;unused-scaffold
src/wowbot/navigation/graph_localization.py	72	FILE_READ_CALL_GRAPH_PARTIAL	navigation-contract
src/wowbot/navigation/graph.py	55	FILE_READ_CALL_GRAPH_PARTIAL	navigation-contract
src/wowbot/navigation/learning.py	36	FILE_READ_CALL_GRAPH_PARTIAL	navigation-contract
src/wowbot/navigation/local_planner.py	107	FILE_READ_CALL_GRAPH_PARTIAL	navigation-path
src/wowbot/navigation/local_world_bridge.py	97	FILE_READ_CALL_GRAPH_PARTIAL	navigation-contract
src/wowbot/navigation/local.py	43	FILE_READ_CALL_GRAPH_PARTIAL	navigation-contract
src/wowbot/navigation/los_recovery.py	107	FILE_READ_CALL_GRAPH_PARTIAL	navigation-path
src/wowbot/navigation/memory.py	90	FILE_READ_CALL_GRAPH_PARTIAL	navigation-path
src/wowbot/navigation/mmap_navmesh.py	875	UNREVIEWED	-
src/wowbot/navigation/models.py	60	FILE_READ_CALL_GRAPH_PARTIAL	navigation-path
src/wowbot/navigation/movement.py	21	UNREVIEWED	-
src/wowbot/navigation/navigation_combat.py	145	FILE_READ_CALL_GRAPH_PARTIAL	navigation-path
src/wowbot/navigation/navigation_context.py	48	FILE_READ_CALL_GRAPH_PARTIAL	navigation-path
src/wowbot/navigation/navigation_mode.py	40	FILE_READ_CALL_GRAPH_PARTIAL	navigation-path
src/wowbot/navigation/navigation_recovery.py	173	UNREVIEWED	-
src/wowbot/navigation/navigation_search.py	92	FILE_READ_CALL_GRAPH_PARTIAL	navigation-path
src/wowbot/navigation/path_geometry.py	70	FILE_READ_CALL_GRAPH_PARTIAL	navigation-path
src/wowbot/navigation/path_sampling.py	46	FILE_READ_CALL_GRAPH_PARTIAL	navigation-path
src/wowbot/navigation/planner.py	50	FILE_READ_CALL_GRAPH_PARTIAL	navigation-path
src/wowbot/navigation/progress.py	229	UNREVIEWED	-
src/wowbot/navigation/reachability.py	39	FILE_READ_CALL_GRAPH_PARTIAL	navigation-path
src/wowbot/navigation/search_coverage.py	126	UNREVIEWED	-
src/wowbot/navigation/service.py	1094	FILE_READ_CALL_GRAPH_PARTIAL	navigation-replan #83
src/wowbot/navigation/spatial_context.py	96	FILE_READ_CALL_GRAPH_PARTIAL	navigation-path
src/wowbot/navigation/state_machine.py	21	UNREVIEWED	-
src/wowbot/navigation/stuck_classifier.py	61	FILE_READ_CALL_GRAPH_PARTIAL	navigation-path
src/wowbot/navigation/stuck_resolver.py	213	UNREVIEWED	-
src/wowbot/navigation/surface_labels.py	208	UNREVIEWED	-
src/wowbot/navigation/trace_graph_binding.py	142	UNREVIEWED	-
src/wowbot/navigation/trace_pair_analysis.py	69	FILE_READ_CALL_GRAPH_PARTIAL	navigation-path
src/wowbot/navigation/transition_resolver.py	56	FILE_READ_CALL_GRAPH_PARTIAL	navigation-path
src/wowbot/navigation/world_context.py	149	UNREVIEWED	-
src/wowbot/navigation/z_resolver.py	523	FILE_READ_CALL_GRAPH_PARTIAL	navigation-z #84
src/wowbot/runtime/__init__.py	51	FILE_READ_CALL_GRAPH_PARTIAL	runtime-contract
src/wowbot/runtime/active_skill.py	217	FILE_READ_CALL_GRAPH_PARTIAL	runtime-contract
src/wowbot/runtime/architecture_invariants.py	36	FILE_READ_CALL_GRAPH_PARTIAL	runtime-contract
src/wowbot/runtime/backpressure.py	40	FILE_READ_CALL_GRAPH_PARTIAL	runtime-contract
src/wowbot/runtime/cinematic_policy.py	46	FILE_READ_CALL_GRAPH_PARTIAL	runtime-contract
src/wowbot/runtime/contracts.py	145	FILE_READ_CALL_GRAPH_PARTIAL	runtime-contract
src/wowbot/runtime/entity_identity.py	23	FILE_READ_CALL_GRAPH_PARTIAL	runtime-contract
src/wowbot/runtime/events.py	157	FILE_READ_CALL_GRAPH_PARTIAL	runtime-contract
src/wowbot/runtime/failures.py	150	FILE_READ_CALL_GRAPH_PARTIAL	runtime-contract
src/wowbot/runtime/freshness_gate.py	78	FILE_READ_CALL_GRAPH_PARTIAL	runtime-contract
src/wowbot/runtime/health.py	54	FILE_READ_CALL_GRAPH_PARTIAL	runtime-contract
src/wowbot/runtime/loop_guard.py	269	FILE_READ_CALL_GRAPH_PARTIAL	runtime-contract
src/wowbot/runtime/m0_dispatch.py	52	FILE_READ_CALL_GRAPH_PARTIAL	runtime-contract
src/wowbot/runtime/performance.py	111	FILE_READ_CALL_GRAPH_PARTIAL	runtime-contract
src/wowbot/runtime/policies.py	62	FILE_READ_CALL_GRAPH_PARTIAL	runtime-contract
src/wowbot/runtime/skill_contract.py	50	FILE_READ_CALL_GRAPH_PARTIAL	runtime-contract
src/wowbot/runtime/skill_executor.py	146	FILE_READ_CALL_GRAPH_PARTIAL	runtime-contract
src/wowbot/runtime/state_invalidation.py	150	FILE_READ_CALL_GRAPH_PARTIAL	runtime-contract
src/wowbot/runtime/structured_logger.py	71	FILE_READ_CALL_GRAPH_PARTIAL	runtime-contract
src/wowbot/runtime/supervisor.py	456	FILE_READ_CALL_GRAPH_PARTIAL	runtime-supervision
src/wowbot/runtime/verification_engine.py	72	FILE_READ_CALL_GRAPH_PARTIAL	runtime-contract
src/wowbot/skills/__init__.py	25	FILE_READ_CALL_GRAPH_PARTIAL	skill-path
src/wowbot/skills/ability_rules.py	359	UNREVIEWED	-
src/wowbot/skills/action_error_correlation.py	125	UNREVIEWED	-
src/wowbot/skills/combat_ability_catalog.py	37	FILE_READ_CALL_GRAPH_PARTIAL	skill-path
src/wowbot/skills/combat_runtime.py	89	UNREVIEWED	-
src/wowbot/skills/combat_visual_follow.py	122	UNREVIEWED	-
src/wowbot/skills/combat.py	884	UNREVIEWED	-
src/wowbot/skills/defend_wait.py	60	FILE_READ_CALL_GRAPH_PARTIAL	skill-path
src/wowbot/skills/field_turnin.py	60	FILE_READ_CALL_GRAPH_PARTIAL	skill-path
src/wowbot/skills/hover_confirm.py	85	UNREVIEWED	-
src/wowbot/skills/instructed_spell.py	48	FILE_READ_CALL_GRAPH_PARTIAL	skill-path
src/wowbot/skills/interact.py	420	UNREVIEWED	-
src/wowbot/skills/interaction_recovery.py	35	FILE_READ_CALL_GRAPH_PARTIAL	skill-path
src/wowbot/skills/interaction_result.py	125	UNREVIEWED	-
src/wowbot/skills/interaction_runtime.py	144	UNREVIEWED	-
src/wowbot/skills/loot_runtime.py	63	FILE_READ_CALL_GRAPH_PARTIAL	skill-path
src/wowbot/skills/loot.py	176	UNREVIEWED	-
src/wowbot/skills/movement_phase_contract.py	57	FILE_READ_CALL_GRAPH_PARTIAL	skill-path
src/wowbot/skills/movement.py	52	FILE_READ_CALL_GRAPH_PARTIAL	skill-path
src/wowbot/skills/object_use.py	252	UNREVIEWED	-
src/wowbot/skills/quest_dialog.py	120	FILE_READ_CALL_GRAPH_PARTIAL	verification-path #82
src/wowbot/skills/quest_item.py	269	UNREVIEWED	-
src/wowbot/skills/quest_tool.py	103	UNREVIEWED	-
src/wowbot/skills/search_contract.py	53	FILE_READ_CALL_GRAPH_PARTIAL	skill-path
src/wowbot/skills/search.py	141	UNREVIEWED	-
src/wowbot/skills/target_recovery.py	102	UNREVIEWED	-
src/wowbot/skills/target.py	118	UNREVIEWED	-
src/wowbot/skills/vehicle.py	75	FILE_READ_CALL_GRAPH_PARTIAL	skill-path
src/wowbot/skills/visual_approach.py	69	FILE_READ_CALL_GRAPH_PARTIAL	skill-path
src/wowbot/skills/visual_runtime.py	55	FILE_READ_CALL_GRAPH_PARTIAL	skill-path
src/wowbot/verification/__init__.py	16	FILE_READ_CALL_GRAPH_PARTIAL	verification-path
src/wowbot/verification/base.py	23	FILE_READ_CALL_GRAPH_PARTIAL	verification-path
src/wowbot/verification/combat_error_classifier.py	58	FILE_READ_CALL_GRAPH_PARTIAL	verification-path
src/wowbot/verification/combat.py	108	FILE_READ_CALL_GRAPH_PARTIAL	verification-path
src/wowbot/verification/interaction.py	162	FILE_READ_CALL_GRAPH_PARTIAL	verification-path
src/wowbot/verification/loot.py	135	FILE_READ_CALL_GRAPH_PARTIAL	verification-path
src/wowbot/verification/movement.py	31	FILE_READ_CALL_GRAPH_PARTIAL	verification-path
src/wowbot/verification/quest_dialog.py	69	FILE_READ_CALL_GRAPH_PARTIAL	verification-path #82
src/wowbot/verification/quest.py	193	FILE_READ_CALL_GRAPH_PARTIAL	verification-path
src/wowbot/verification/ui.py	27	FILE_READ_CALL_GRAPH_PARTIAL	verification-path
src/wowbot/vision/__init__.py	7	UNREVIEWED	-
src/wowbot/vision/adapters/minimap.py	667	UNREVIEWED	-
src/wowbot/vision/adapters/world_map.py	152	UNREVIEWED	-
src/wowbot/vision/entity_memory.py	532	UNREVIEWED	-
src/wowbot/vision/fusion/__init__.py	4	UNREVIEWED	-
src/wowbot/vision/fusion/context.py	32	UNREVIEWED	-
src/wowbot/vision/fusion/local.py	9	UNREVIEWED	-
src/wowbot/vision/fusion/pipeline.py	42	UNREVIEWED	-
src/wowbot/vision/local_world.py	136	UNREVIEWED	-
src/wowbot/vision/map_marker_dataset.py	149	UNREVIEWED	-
src/wowbot/vision/map_markers.py	448	UNREVIEWED	-
src/wowbot/vision/map_mouseover.py	37	UNREVIEWED	-
src/wowbot/vision/minimap_floor_markers.py	146	UNREVIEWED	-
src/wowbot/vision/minimap_geometry.py	68	UNREVIEWED	-
src/wowbot/vision/minimap_perception.py	57	UNREVIEWED	-
src/wowbot/vision/minimap_quest_area.py	87	UNREVIEWED	-
src/wowbot/vision/minimap_quest_dot.py	81	UNREVIEWED	-
src/wowbot/vision/minimap_target_marker.py	86	UNREVIEWED	-
src/wowbot/vision/models.py	160	UNREVIEWED	-
src/wowbot/vision/mouseover_association.py	75	UNREVIEWED	-
src/wowbot/vision/opencv_backend.py	219	UNREVIEWED	-
src/wowbot/vision/tooltip.py	65	UNREVIEWED	-
src/wowbot/vision/ui_parser.py	35	UNREVIEWED	-
src/wowbot/vision/visual_signature.py	111	UNREVIEWED	-
src/wowbot/vision/world_map_calibration.py	92	UNREVIEWED	-
src/wowbot/vision/world_map_graph_vision.py	233	UNREVIEWED	-
src/wowbot/vision/world_map_perception.py	106	UNREVIEWED	-
src/wowbot/vision/world_map_raster.py	237	UNREVIEWED	-
src/wowbot/vision/world_map_state.py	34	UNREVIEWED	-
src/wowbot/vision/world_point_memory.py	126	UNREVIEWED	-
src/wowbot/vision/world3d/__init__.py	61	UNREVIEWED	-
src/wowbot/vision/world3d/annotation_review.py	171	UNREVIEWED	-
src/wowbot/vision/world3d/association_identity.py	182	UNREVIEWED	-
src/wowbot/vision/world3d/association.py	80	UNREVIEWED	-
src/wowbot/vision/world3d/camera_motion.py	148	UNREVIEWED	-
src/wowbot/vision/world3d/candidate_tracker.py	213	UNREVIEWED	-
src/wowbot/vision/world3d/candidates.py	464	UNREVIEWED	-
src/wowbot/vision/world3d/capture_yolo_feed.py	448	UNREVIEWED	-
src/wowbot/vision/world3d/components.py	19	UNREVIEWED	-
src/wowbot/vision/world3d/cue_beliefs.py	68	UNREVIEWED	-
src/wowbot/vision/world3d/dataset_audit.py	136	UNREVIEWED	-
src/wowbot/vision/world3d/dataset_export.py	196	UNREVIEWED	-
src/wowbot/vision/world3d/debug_renderer.py	74	UNREVIEWED	-
src/wowbot/vision/world3d/directml.py	73	UNREVIEWED	-
src/wowbot/vision/world3d/feedback.py	106	UNREVIEWED	-
src/wowbot/vision/world3d/learned_detector.py	614	UNREVIEWED	-
src/wowbot/vision/world3d/models.py	157	UNREVIEWED	-
src/wowbot/vision/world3d/nameplate.py	122	UNREVIEWED	-
src/wowbot/vision/world3d/normalization.py	47	UNREVIEWED	-
src/wowbot/vision/world3d/ocr.py	174	UNREVIEWED	-
src/wowbot/vision/world3d/pipeline.py	782	UNREVIEWED	-
src/wowbot/vision/world3d/prescaled_gmc.py	92	UNREVIEWED	-
src/wowbot/vision/world3d/probe.py	137	UNREVIEWED	-
src/wowbot/vision/world3d/process_yolo_backend.py	248	UNREVIEWED	-
src/wowbot/vision/world3d/profiles.py	44	UNREVIEWED	-
src/wowbot/vision/world3d/scene_quality.py	129	UNREVIEWED	-
src/wowbot/vision/world3d/scene.py	126	UNREVIEWED	-
src/wowbot/vision/world3d/semantic_fusion.py	202	UNREVIEWED	-
src/wowbot/vision/world3d/shared_image_buffer.py	81	UNREVIEWED	-
src/wowbot/vision/world3d/tracking.py	478	UNREVIEWED	-
src/wowbot/vision/world3d/traversability.py	248	UNREVIEWED	-
src/wowbot/vision/world3d/v2.py	395	UNREVIEWED	-
src/wowbot/vision/world3d/v3.py	559	UNREVIEWED	-
src/wowbot/vision/world3d/v4.py	137	UNREVIEWED	-
src/wowbot/vision/world3d/validation.py	179	UNREVIEWED	-
src/wowbot/vision/world3d/video_dataset.py	178	UNREVIEWED	-
src/wowbot/vision/world3d/visual_memory.py	114	UNREVIEWED	-
src/wowbot/world_geometry/__init__.py	4	UNREVIEWED	-
src/wowbot/world_geometry/service.py	133	UNREVIEWED	-
src/wowbot/world_geometry/terrain_maps.py	248	UNREVIEWED	-
src/wowbot/world_geometry/vmaps.py	243	UNREVIEWED	-
